{"stat.pickup.pixelmon.pc":4,"stat.leaveGame":14,"stat.mineBlock.minecraft.yellow_flower":1,"stat.swimOneCm":35740,"stat.climbOneCm":292,"stat.mineBlock.minecraft.web":1,"stat.useItem.thermalfoundation.ore":1,"stat.pickup.pixelmon.dragon_fang":1,"stat.pickup.minecraft.blaze_powder":2,"stat.useItem.minecraft.dirt":10,"stat.useItem.minecraft.stone_slab2":450,"stat.mineBlock.minecraft.stone_brick_stairs":2,"stat.pickup.minecraft.sand":13,"stat.pickup.thermalfoundation.ore":23,"stat.craftItem.minecraft.stone_axe":1,"stat.pickup.minecraft.cobblestone":189,"stat.pickup.minecraft.leather_boots":5,"stat.flyOneCm":908159,"stat.pickup.pixelmon.friend_ball":127,"stat.pickup.pixelmon.pomeg_berry":192,"stat.mineBlock.minecraft.sand":16,"stat.pickup.pixelmon.safari_ball":120,"stat.pickup.minecraft.redstone":5,"stat.mineBlock.minecraft.iron_ore":1,"stat.timeSinceDeath":203622,"stat.pickup.minecraft.mutton":2,"stat.pickup.minecraft.double_plant":6,"stat.useItem.pixelmon.healer":1,"stat.pickup.minecraft.wooden_axe":3,"stat.useItem.pixelmon.amethyst_sword":1,"stat.pickup.pixelmon.amethyst":5,"stat.pickup.pixelmon.poke_ball":128,"stat.mineBlock.thermalfoundation.ore":21,"stat.mineBlock.minecraft.coal_ore":33,"stat.pickup.thermalfoundation.tool.sword_copper":7,"stat.pickup.minecraft.shield":2,"stat.talkedToVillager":1,"stat.pickup.minecraft.wooden_sword":2,"stat.pickup.pixelmon.potion":3,"stat.pickup.minecraft.string":2,"stat.pickup.pixelmon.blackbadgecase":2,"stat.pickup.pixelmon.level_ball":120,"stat.pickup.pixelmon.qualot_berry":349,"stat.pickup.pixelmon.heavy_ball":121,"stat.pickup.pixelmon.dusk_stone_pickaxe":1,"stat.sprintOneCm":510695,"stat.pickup.minecraft.end_rod":1,"stat.pickup.minecraft.skull":5,"stat.useItem.minecraft.stone_stairs":81,"stat.craftItem.minecraft.stick":16,"stat.craftItem.minecraft.wooden_axe":1,"stat.pickup.minecraft.stone_stairs":12,"stat.mineBlock.minecraft.crafting_table":1,"stat.useItem.minecraft.diamond_pickaxe":283,"stat.pickup.backpack.backpack":6,"stat.mineBlock.pixelmon.healer":1,"stat.pickup.minecraft.emerald":6,"stat.deaths":9,"stat.playOneMinute":419596,"stat.pickup.pixelmon.tamato_berry":256,"stat.pickup.minecraft.iron_block":2,"stat.mineBlock.minecraft.tallgrass":48,"stat.diveOneCm":27044,"stat.chestOpened":19,"stat.pickup.pixelmon.moon_ball":60,"stat.pickup.minecraft.sign":6,"stat.pickup.thermalfoundation.tool.pickaxe_copper":4,"stat.mineBlock.minecraft.ice":1,"stat.pickup.pixelmon.grepa_berry":255,"stat.pickup.pixelmon.aluminium_plate":2,"stat.pickup.pixelmon.mint_seeds":256,"stat.mineBlock.pixelmon.amethyst_ore":3,"stat.jump":2717,"stat.useItem.minecraft.sand":10,"stat.pickup.minecraft.fence":1,"stat.pickup.minecraft.coal":89,"stat.fallOneCm":73867,"stat.pickup.pixelmon.ultra_ball":181,"stat.pickup.minecraft.iron_ingot":20,"stat.pickup.minecraft.melon_seeds":1,"stat.crouchOneCm":13677,"stat.useItem.thermalfoundation.tool.sword_copper":26,"stat.craftItem.minecraft.torch":24,"stat.pickup.minecraft.dirt":26,"stat.pickup.pixelmon.l_exp_candy":1,"stat.pickup.minecraft.iron_ore":1,"stat.craftingTableInteraction":5,"stat.pickup.pixelmon.hondew_berry":128,"stat.mineBlock.minecraft.stone_stairs":12,"stat.mineBlock.minecraft.torch":2,"stat.pickup.minecraft.monster_egg":1,"stat.pickup.thermalfoundation.tool.shovel_copper":5,"stat.pickup.minecraft.planks":15,"stat.pickup.pixelmon.healer":3,"stat.pickup.minecraft.bed":4,"stat.useItem.thermalfoundation.tool.pickaxe_copper":37,"stat.pickup.pixelmon.pink_apricorn":1,"stat.pickup.pixelmon.old_running_boots":6,"stat.pickup.minecraft.wheat_seeds":24,"stat.useItem.pixelmon.qualot_berry":1,"stat.damageDealt":630,"stat.killEntity.bound_soul":1,"stat.sleepInBed":3,"stat.pickup.pixelmon.roseli_berry":1,"stat.mineBlock.minecraft.dirt":30,"stat.pickup.pixelmon.sapphire":6,"stat.pickup.pixelmon.love_ball":120,"stat.walkOneCm":1563679,"stat.useItem.minecraft.torch":18,"stat.pickup.minecraft.stick":6,"stat.pickup.minecraft.diamond_pickaxe":6,"stat.craftItem.minecraft.stone_stairs":104,"stat.pickup.minecraft.crafting_table":3,"stat.pickup.pixelmon.kelpsy_berry":319,"stat.useItem.minecraft.cobblestone":1,"stat.craftItem.minecraft.crafting_table":1,"stat.mineBlock.minecraft.double_plant":7,"stat.mineBlock.pixelmon.sapphire_ore":2,"stat.pickup.minecraft.log":12,"stat.useItem.pixelmon.pc":1,"stat.useItem.thermalfoundation.tool.shovel_copper":8,"stat.pickup.minecraft.stone":38,"stat.pickup.naturescompass.naturescompass":4,"stat.useItem.pixelmon.dusk_stone_pickaxe":3,"stat.pickup.minecraft.sapling":1,"stat.pickup.minecraft.gold_ingot":63,"stat.mineBlock.minecraft.stonebrick":3,"stat.craftItem.minecraft.planks":34,"stat.pickup.minecraft.bread":18,"stat.pickup.pixelmon.paralyze_heal":2,"stat.mobKills":1,"stat.mineBlock.minecraft.log":11,"stat.pickup.pixelmon.rindo_berry":1,"stat.pickup.minecraft.diamond":2,"stat.mineBlock.minecraft.leaves":14,"stat.pickup.minecraft.torch":29,"stat.pickup.minecraft.red_flower":7,"stat.sneakTime":2702,"stat.pickup.pixelmon.great_ball":119,"stat.useItem.minecraft.wooden_axe":6,"stat.pickup.minecraft.yellow_flower":13,"stat.mineBlock.minecraft.stone":229}