{"stat.pickup.pixelmon.hondew_berry":64,"stat.beaconInteraction":3,"stat.pickup.pixelmon.moon_ball":30,"stat.pickup.minecraft.tripwire_hook":2,"stat.walkOneCm":83379,"stat.pickup.pixelmon.love_ball":30,"stat.useItem.pixelmon.trainer_editor":22,"stat.pickup.pixelmon.pc":1,"stat.pickup.thermalfoundation.tool.pickaxe_copper":1,"stat.pickup.pixelmon.kelpsy_berry":64,"stat.pickup.pixelmon.poke_ball":30,"stat.pickup.minecraft.bread":9,"stat.mineBlock.minecraft.double_plant":3,"stat.pickup.thermalfoundation.tool.sword_copper":1,"stat.pickup.minecraft.leather_boots":1,"stat.useItem.minecraft.dye":6,"stat.pickup.minecraft.shield":1,"stat.pickup.thermalfoundation.tool.shovel_copper":1,"stat.pickup.minecraft.wooden_sword":1,"stat.pickup.pixelmon.mint_seeds":64,"stat.pickup.pixelmon.blackbadgecase":1,"stat.flyOneCm":267449,"stat.pickup.pixelmon.healer":1,"stat.deaths":2,"stat.pickup.minecraft.golden_shovel":1,"stat.pickup.pixelmon.level_ball":30,"stat.pickup.pixelmon.old_running_boots":1,"stat.pickup.pixelmon.friend_ball":30,"stat.jump":205,"stat.swimOneCm":71,"stat.pickup.pixelmon.pomeg_berry":64,"stat.playOneMinute":61901,"stat.pickup.pixelmon.qualot_berry":64,"stat.fallOneCm":11466,"stat.pickup.pixelmon.ultra_ball":30,"stat.climbOneCm":150,"stat.sneakTime":83,"stat.pickup.pixelmon.heavy_ball":30,"stat.pickup.pixelmon.safari_ball":30,"stat.pickup.pixelmon.tamato_berry":64,"stat.crouchOneCm":334,"stat.pickup.pixelmon.great_ball":30,"stat.pickup.naturescompass.naturescompass":1,"stat.timeSinceDeath":60861,"stat.sprintOneCm":175586,"stat.useItem.minecraft.stone_slab2":139}