{"stat.chestOpened":3,"stat.pickup.minecraft.double_plant":1,"stat.walkOneCm":79606,"stat.useItem.minecraft.bread":5,"stat.leaveGame":6,"stat.pickup.pixelmon.mint_seeds":64,"stat.jump":409,"stat.fallOneCm":9033,"stat.mineBlock.minecraft.packed_ice":1,"stat.pickup.minecraft.dirt":6,"stat.useItem.minecraft.dirt":1,"stat.sprintOneCm":46058,"stat.useItem.minecraft.stone_slab2":3,"stat.flyOneCm":86911,"stat.pickup.minecraft.wheat_seeds":2,"stat.playOneMinute":856313,"stat.pickup.minecraft.red_flower":1,"stat.sneakTime":1,"stat.damageDealt":20,"stat.timeSinceDeath":856313,"stat.pickup.minecraft.yellow_flower":2,"stat.mineBlock.minecraft.dirt":17,"stat.mineBlock.minecraft.tallgrass":9}