{"stat.chestOpened":15,"stat.pickup.minecraft.tripwire_hook":3,"stat.pickup.minecraft.bone":2,"stat.pickup.minecraft.sign":20,"stat.useItem.pixelmon.dusk_stone_sword":11,"stat.leaveGame":13,"stat.mineBlock.pixelmon.block.red_orb":2,"stat.pickup.minecraft.arrow":1,"stat.useItem.minecraft.waterlily":19,"stat.useItem.pixelmon.dawn_stone_sword":4,"stat.pickup.minecraft.fishing_rod":2,"stat.jump":1681,"stat.swimOneCm":17458,"stat.fallOneCm":1521,"stat.climbOneCm":3005,"stat.useItem.pixelmon.fire_stone_sword":6,"stat.crouchOneCm":51807,"stat.pickup.pixelmon.red_shard":9,"stat.pickup.minecraft.dirt":5,"stat.useItem.pokehaancraftadd.npc_editor":6,"stat.useItem.minecraft.stone_slab2":2002,"stat.useItem.minecraft.water_bucket":19,"stat.pickup.minecraft.rotten_flesh":7,"stat.useItem.pixelmon.mechanical_anvil":1,"stat.useItem.pixelmon.red_shard":28,"stat.killEntity.Enderman":1,"stat.pickup.minecraft.monster_egg":1,"stat.pickup.pixelmon.red_orb":1,"stat.useItem.customnpcs.npcwand":20,"stat.flyOneCm":4845889,"stat.pickup.minecraft.wheat_seeds":16,"stat.damageDealt":1440,"stat.timeSinceDeath":45130,"stat.cauldronFilled":1,"stat.flowerPotted":2,"stat.walkOneCm":576288,"stat.useItem.pixelmon.trade_machine":2,"stat.pickup.pixelmon.mind_plate":1,"stat.useItem.minecraft.chest":1,"stat.useItem.pixelmon.trainer_editor":13,"stat.useItem.pixelmon.healer":4,"stat.mineBlock.minecraft.double_plant":3,"stat.useItem.minecraft.lava_bucket":7,"stat.pickup.minecraft.shield":1,"stat.pickup.minecraft.log":1,"stat.useItem.pixelmon.pc":2,"stat.shulkerBoxOpened":1,"stat.sprintOneCm":306781,"stat.killEntity.Skeleton":1,"stat.useItem.minecraft.diamond_pickaxe":2,"stat.pickup.backpack.backpack":1,"stat.pickup.minecraft.emerald":1,"stat.mobKills":6,"stat.deaths":2,"stat.playOneMinute":2050883,"stat.useItem.minecraft.wooden_sword":3,"stat.pickup.minecraft.stone_button":3,"stat.pickup.minecraft.red_flower":10,"stat.useItem.minecraft.ladder":6,"stat.sneakTime":12895,"stat.useItem.pixelmon.thunder_stone_sword":1,"stat.killEntity.Zombie":4,"stat.pickup.minecraft.yellow_flower":3,"stat.pickup.ordinarycoins.coinbronze":12,"stat.useItem.minecraft.fishing_rod":6,"stat.diveOneCm":1422}