{
    "TransportData": [
    ],
    "NpcsTimers": [
    ],
    "FactionData": [
        {
            "Points": 2000,
            "Faction": 0
        }
    ],
    "BankData": [
    ],
    "ItemGiversList": [
    ],
    "QuestData": {
        "CompletedQuests": [
        ],
        "ActiveQuests": [
        ]
    },
    "PlayerCompanionId": 0,
    "DialogData": [
        {
            "Dialog": 4
        },
        {
            "Dialog": 5
        },
        {
            "Dialog": 6
        },
        {
            "Dialog": 7
        },
        {
            "Dialog": 8
        },
        {
            "Dialog": 9
        },
        {
            "Dialog": 11
        }
    ],
    "ItemGiverChained": [
    ],
    "MailData": [
    ],
    "PlayerName": "taiproduaxe",
    "UUID": "b3366efc-7661-30ab-9ef7-8a37e76eeb8d",
    "ScriptStoreddata": {
    }
}
