{
  "minecraft:recipes/decorations/purple_stained_glass_pane": {
    "criteria": {
      "has_glass": "2024-01-20 09:13:48 +0700"
    },
    "done": true
  },
  "minecraft:recipes/building_blocks/black_stained_glass": {
    "criteria": {
      "has_glass": "2024-01-20 09:13:48 +0700"
    },
    "done": true
  },
  "minecraft:recipes/redstone/lever": {
    "criteria": {
      "has_cobblestone": "2024-01-21 18:33:17 +0700"
    },
    "done": true
  },
  "minecraft:recipes/building_blocks/magenta_concrete_powder": {
    "criteria": {
      "has_sand": "2024-01-19 22:10:29 +0700"
    },
    "done": true
  },
  "minecraft:recipes/building_blocks/pillar_quartz_block": {
    "criteria": {
      "has_quartz_block": "2024-01-20 10:15:39 +0700"
    },
    "done": true
  },
  "minecraft:recipes/misc/light_blue_dye_from_blue_orchid": {
    "criteria": {
      "has_red_flower": "2024-01-20 10:51:26 +0700"
    },
    "done": true
  },
  "minecraft:recipes/combat/iron_sword": {
    "criteria": {
      "has_iron_ingot": "2024-01-20 11:54:19 +0700"
    },
    "done": true
  },
  "pixelmon:recipes/decorative/pink_rug": {
    "criteria": {
      "has_wool": "2024-01-20 11:51:05 +0700"
    },
    "done": true
  },
  "minecraft:recipes/building_blocks/oak_wooden_slab": {
    "criteria": {
      "has_planks": "2024-01-20 09:13:31 +0700"
    },
    "done": true
  },
  "minecraft:recipes/redstone/spruce_door": {
    "criteria": {
      "has_planks": "2024-01-21 12:50:34 +0700"
    },
    "done": true
  },
  "minecraft:recipes/misc/wheat": {
    "criteria": {
      "has_the_recipe": "2024-01-19 10:27:53 +0700"
    },
    "done": true
  },
  "minecraft:recipes/building_blocks/lime_concrete_powder": {
    "criteria": {
      "has_sand": "2024-01-19 22:10:29 +0700"
    },
    "done": true
  },
  "minecraft:recipes/building_blocks/gray_stained_glass": {
    "criteria": {
      "has_glass": "2024-01-20 09:13:48 +0700"
    },
    "done": true
  },
  "minecraft:recipes/tools/iron_pickaxe": {
    "criteria": {
      "has_iron_ingot": "2024-01-20 11:54:19 +0700"
    },
    "done": true
  },
  "minecraft:recipes/building_blocks/yellow_concrete_powder": {
    "criteria": {
      "has_sand": "2024-01-19 22:10:29 +0700"
    },
    "done": true
  },
  "minecraft:recipes/redstone/spruce_fence_gate": {
    "criteria": {
      "has_planks": "2024-01-21 12:50:34 +0700"
    },
    "done": true
  },
  "pixelmon:recipes/decorative/blue_umbrella": {
    "criteria": {
      "has_wool": "2024-01-20 11:51:05 +0700"
    },
    "done": true
  },
  "biomesoplenty:recipes/decorations/sign_from_bop_wood": {
    "criteria": {
      "has_the_recipe": "2024-01-19 22:16:35 +0700"
    },
    "done": true
  },
  "pixelmon:recipes/decorative/white_rug": {
    "criteria": {
      "has_wool": "2024-01-20 11:51:05 +0700"
    },
    "done": true
  },
  "pixelmon:recipes/decorative/red_water_float": {
    "criteria": {
      "has_slime": "2024-01-18 22:51:53 +0700"
    },
    "done": true
  },
  "pixelmon:recipes/decorative/black_cushion_chair": {
    "criteria": {
      "has_wool": "2024-01-20 11:51:05 +0700"
    },
    "done": true
  },
  "minecraft:recipes/decorations/crafting_table": {
    "criteria": {
      "has_planks": "2024-01-19 22:16:35 +0700"
    },
    "done": true
  },
  "minecraft:recipes/redstone/redstone": {
    "criteria": {
      "has_redstone_block": "2024-01-21 21:56:25 +0700"
    },
    "done": true
  },
  "minecraft:recipes/tools/golden_hoe": {
    "criteria": {
      "has_gold_ingot": "2024-01-20 11:54:20 +0700"
    },
    "done": true
  },
  "minecraft:recipes/food/bread": {
    "criteria": {
      "has_wheat": "2024-01-19 10:27:53 +0700"
    },
    "done": true
  },
  "minecraft:recipes/building_blocks/purple_stained_glass": {
    "criteria": {
      "has_glass": "2024-01-20 09:13:48 +0700"
    },
    "done": true
  },
  "minecraft:recipes/redstone/trapdoor": {
    "criteria": {
      "has_planks": "2024-01-19 22:16:35 +0700"
    },
    "done": true
  },
  "minecraft:recipes/misc/map": {
    "criteria": {
      "has_compass": "2024-01-19 10:33:52 +0700"
    },
    "done": true
  },
  "minecraft:recipes/decorations/lime_stained_glass_pane": {
    "criteria": {
      "has_glass": "2024-01-20 09:13:48 +0700"
    },
    "done": true
  },
  "minecraft:recipes/misc/iron_nugget": {
    "criteria": {
      "has_iron_ingot": "2024-01-20 11:54:19 +0700"
    },
    "done": true
  },
  "minecraft:recipes/decorations/chest": {
    "criteria": {
      "has_lots_of_items": "2024-01-18 22:46:52 +0700"
    },
    "done": true
  },
  "minecraft:recipes/combat/golden_sword": {
    "criteria": {
      "has_gold_ingot": "2024-01-20 11:54:20 +0700"
    },
    "done": true
  },
  "minecraft:recipes/building_blocks/brown_concrete_powder": {
    "criteria": {
      "has_sand": "2024-01-19 22:10:29 +0700"
    },
    "done": true
  },
  "minecraft:recipes/decorations/magenta_stained_glass_pane": {
    "criteria": {
      "has_glass": "2024-01-20 09:13:48 +0700"
    },
    "done": true
  },
  "pixelmon:recipes/decorative/green_rug": {
    "criteria": {
      "has_wool": "2024-01-20 11:51:05 +0700"
    },
    "done": true
  },
  "pixelmon:recipes/decorative/cyan_umbrella": {
    "criteria": {
      "has_wool": "2024-01-20 11:51:05 +0700"
    },
    "done": true
  },
  "minecraft:recipes/decorations/cyan_stained_glass_pane": {
    "criteria": {
      "has_glass": "2024-01-20 09:13:48 +0700"
    },
    "done": true
  },
  "minecraft:recipes/combat/diamond_sword": {
    "criteria": {
      "has_diamond": "2024-01-20 11:54:59 +0700"
    },
    "done": true
  },
  "minecraft:recipes/building_blocks/blue_stained_glass": {
    "criteria": {
      "has_glass": "2024-01-20 09:13:48 +0700"
    },
    "done": true
  },
  "minecraft:recipes/tools/shears": {
    "criteria": {
      "has_iron_ingot": "2024-01-20 11:54:19 +0700"
    },
    "done": true
  },
  "minecraft:recipes/misc/stick": {
    "criteria": {
      "has_planks": "2024-01-19 22:16:35 +0700"
    },
    "done": true
  },
  "minecraft:recipes/redstone/redstone_lamp": {
    "criteria": {
      "has_glowstone": "2024-01-18 22:43:56 +0700"
    },
    "done": true
  },
  "minecraft:recipes/decorations/sign": {
    "criteria": {
      "has_planks": "2024-01-19 22:16:35 +0700"
    },
    "done": true
  },
  "minecraft:recipes/transportation/spruce_boat": {
    "criteria": {
      "entered_water": "2024-01-18 22:51:09 +0700"
    },
    "done": true
  },
  "minecraft:recipes/decorations/jukebox": {
    "criteria": {
      "has_diamond": "2024-01-20 11:54:59 +0700"
    },
    "done": true
  },
  "pixelmon:recipes/decorative/brown_water_float": {
    "criteria": {
      "has_slime": "2024-01-18 22:51:53 +0700"
    },
    "done": true
  },
  "minecraft:recipes/tools/flint_and_steel": {
    "criteria": {
      "has_obsidian": "2024-01-21 13:24:27 +0700"
    },
    "done": true
  },
  "pixelmon:recipes/decorative/brown_rug": {
    "criteria": {
      "has_wool": "2024-01-20 11:51:05 +0700"
    },
    "done": true
  },
  "biomesoplenty:recipes/transportation/boat_ethereal": {
    "criteria": {
      "entered_water": "2024-01-18 22:51:09 +0700"
    },
    "done": true
  },
  "minecraft:recipes/misc/pink_dye_from_red_bonemeal": {
    "criteria": {
      "has_bonemeal": "2024-01-19 21:52:23 +0700"
    },
    "done": true
  },
  "pixelmon:recipes/decorative/yellow_umbrella": {
    "criteria": {
      "has_wool": "2024-01-20 11:51:05 +0700"
    },
    "done": true
  },
  "minecraft:recipes/misc/gold_nugget": {
    "criteria": {
      "has_gold_ingot": "2024-01-20 11:54:20 +0700"
    },
    "done": true
  },
  "minecraft:recipes/combat/iron_leggings": {
    "criteria": {
      "has_iron_ingot": "2024-01-20 11:54:19 +0700"
    },
    "done": true
  },
  "minecraft:recipes/combat/shield": {
    "criteria": {
      "has_iron_ingot": "2024-01-20 11:54:19 +0700"
    },
    "done": true
  },
  "minecraft:recipes/building_blocks/cobblestone_slab": {
    "criteria": {
      "has_cobblestone": "2024-01-21 18:33:17 +0700"
    },
    "done": true
  },
  "pixelmon:pokedex/pokedex_trigger": {
    "criteria": {
      "pokedex_base": "2024-01-18 22:40:31 +0700"
    },
    "done": true
  },
  "minecraft:recipes/misc/bucket": {
    "criteria": {
      "has_iron_ingot": "2024-01-20 11:54:19 +0700"
    },
    "done": true
  },
  "minecraft:recipes/misc/iron_ingot_from_block": {
    "criteria": {
      "has_iron_block": "2024-01-19 22:20:02 +0700"
    },
    "done": true
  },
  "minecraft:recipes/redstone/trapped_chest": {
    "criteria": {
      "has_tripwire_hook": "2024-01-21 19:35:19 +0700"
    },
    "done": true
  },
  "pixelmon:recipes/decorative/green_umbrella": {
    "criteria": {
      "has_wool": "2024-01-20 11:51:05 +0700"
    },
    "done": true
  },
  "pixelmon:recipes/machines/anvil": {
    "criteria": {
      "has_iron": "2024-01-20 11:54:19 +0700"
    },
    "done": true
  },
  "minecraft:recipes/redstone/hopper": {
    "criteria": {
      "has_iron_ingot": "2024-01-20 11:54:19 +0700"
    },
    "done": true
  },
  "pixelmon:recipes/decorative/white_umbrella": {
    "criteria": {
      "has_wool": "2024-01-20 11:51:05 +0700"
    },
    "done": true
  },
  "pixelmon:recipes/decorative/yellow_rug": {
    "criteria": {
      "has_wool": "2024-01-20 11:51:05 +0700"
    },
    "done": true
  },
  "minecraft:recipes/decorations/orange_stained_glass_pane": {
    "criteria": {
      "has_glass": "2024-01-20 09:13:48 +0700"
    },
    "done": true
  },
  "minecraft:recipes/redstone/fence_gate": {
    "criteria": {
      "has_planks": "2024-01-20 09:13:31 +0700"
    },
    "done": true
  },
  "biomesoplenty:recipes/transportation/boat_mangrove": {
    "criteria": {
      "entered_water": "2024-01-18 22:51:09 +0700"
    },
    "done": true
  },
  "minecraft:recipes/building_blocks/light_gray_concrete_powder": {
    "criteria": {
      "has_sand": "2024-01-19 22:10:29 +0700"
    },
    "done": true
  },
  "minecraft:recipes/building_blocks/light_blue_concrete_powder": {
    "criteria": {
      "has_sand": "2024-01-19 22:10:29 +0700"
    },
    "done": true
  },
  "pixelmon:recipes/decorative/orange_cushion_chair": {
    "criteria": {
      "has_wool": "2024-01-20 11:51:05 +0700"
    },
    "done": true
  },
  "biomesoplenty:recipes/transportation/boat_eucalyptus": {
    "criteria": {
      "entered_water": "2024-01-18 22:51:09 +0700"
    },
    "done": true
  },
  "minecraft:recipes/misc/lime_dye": {
    "criteria": {
      "has_bonemeal": "2024-01-19 21:52:23 +0700"
    },
    "done": true
  },
  "minecraft:recipes/building_blocks/hay_block": {
    "criteria": {
      "has_at_least_9_wheat": "2024-01-19 10:27:53 +0700"
    },
    "done": true
  },
  "pixelmon:recipes/decorative/brown_umbrella": {
    "criteria": {
      "has_wool": "2024-01-20 11:51:05 +0700"
    },
    "done": true
  },
  "minecraft:recipes/combat/iron_helmet": {
    "criteria": {
      "has_iron_ingot": "2024-01-20 11:54:19 +0700"
    },
    "done": true
  },
  "minecraft:recipes/tools/golden_shovel": {
    "criteria": {
      "has_gold_ingot": "2024-01-20 11:54:20 +0700"
    },
    "done": true
  },
  "minecraft:recipes/building_blocks/pink_concrete_powder": {
    "criteria": {
      "has_sand": "2024-01-19 22:10:29 +0700"
    },
    "done": true
  },
  "inventorypets:inventorypets/root": {
    "criteria": {
      "auto": "2024-01-18 22:39:54 +0700"
    },
    "done": true
  },
  "minecraft:recipes/misc/emerald": {
    "criteria": {
      "has_emerald_block": "2024-01-18 23:14:31 +0700"
    },
    "done": true
  },
  "minecraft:recipes/decorations/black_stained_glass_pane": {
    "criteria": {
      "has_glass": "2024-01-20 09:13:48 +0700"
    },
    "done": true
  },
  "minecraft:recipes/building_blocks/yellow_stained_glass": {
    "criteria": {
      "has_glass": "2024-01-20 09:13:48 +0700"
    },
    "done": true
  },
  "minecraft:recipes/building_blocks/purple_concrete_powder": {
    "criteria": {
      "has_sand": "2024-01-19 22:10:29 +0700"
    },
    "done": true
  },
  "pixelmon:recipes/decorative/red_umbrella": {
    "criteria": {
      "has_wool": "2024-01-20 11:51:05 +0700"
    },
    "done": true
  },
  "minecraft:recipes/decorations/iron_bars": {
    "criteria": {
      "has_iron_ingot": "2024-01-20 11:54:19 +0700"
    },
    "done": true
  },
  "biomesoplenty:recipes/decorations/crafting_table_from_bop_wood": {
    "criteria": {
      "has_the_recipe": "2024-01-19 22:16:35 +0700"
    },
    "done": true
  },
  "minecraft:recipes/building_blocks/brick_stairs": {
    "criteria": {
      "has_brick_block": "2024-01-20 11:52:19 +0700"
    },
    "done": true
  },
  "minecraft:recipes/combat/diamond_chestplate": {
    "criteria": {
      "has_diamond": "2024-01-20 11:54:59 +0700"
    },
    "done": true
  },
  "biomesoplenty:recipes/redstone/trapdoor_from_bop_wood": {
    "criteria": {
      "has_the_recipe": "2024-01-19 22:16:35 +0700"
    },
    "done": true
  },
  "minecraft:story/mine_stone": {
    "criteria": {
      "get_stone": "2024-01-21 18:33:17 +0700"
    },
    "done": true
  },
  "minecraft:recipes/transportation/minecart": {
    "criteria": {
      "has_iron_ingot": "2024-01-20 11:54:19 +0700"
    },
    "done": true
  },
  "minecraft:recipes/decorations/furnace": {
    "criteria": {
      "has_cobblestone": "2024-01-21 18:33:17 +0700"
    },
    "done": true
  },
  "minecraft:recipes/brewing/cauldron": {
    "criteria": {
      "has_water_bucket": "2024-01-18 22:49:32 +0700"
    },
    "done": true
  },
  "minecraft:recipes/decorations/gray_stained_glass_pane": {
    "criteria": {
      "has_glass": "2024-01-20 09:13:48 +0700"
    },
    "done": true
  },
  "minecraft:recipes/decorations/armor_stand": {
    "criteria": {
      "has_stone_slab": "2024-01-20 09:18:14 +0700"
    },
    "done": true
  },
  "minecraft:recipes/combat/diamond_leggings": {
    "criteria": {
      "has_diamond": "2024-01-20 11:54:59 +0700"
    },
    "done": true
  },
  "minecraft:recipes/building_blocks/sandstone": {
    "criteria": {
      "has_sand": "2024-01-19 22:10:29 +0700"
    },
    "done": true
  },
  "minecraft:recipes/building_blocks/red_stained_glass": {
    "criteria": {
      "has_glass": "2024-01-20 09:13:48 +0700"
    },
    "done": true
  },
  "minecraft:recipes/building_blocks/spruce_planks": {
    "criteria": {
      "has_log": "2024-01-20 21:06:35 +0700"
    },
    "done": true
  },
  "minecraft:recipes/decorations/green_stained_glass_pane": {
    "criteria": {
      "has_glass": "2024-01-20 09:13:48 +0700"
    },
    "done": true
  },
  "minecraft:recipes/tools/iron_hoe": {
    "criteria": {
      "has_iron_ingot": "2024-01-20 11:54:19 +0700"
    },
    "done": true
  },
  "minecraft:story/lava_bucket": {
    "criteria": {
      "lava_bucket": "2024-01-21 13:41:39 +0700"
    },
    "done": true
  },
  "minecraft:recipes/building_blocks/stone_brick_slab": {
    "criteria": {
      "has_stonebrick": "2024-01-20 10:53:10 +0700"
    },
    "done": true
  },
  "minecraft:recipes/redstone/redstone_torch": {
    "criteria": {
      "has_redstone": "2024-01-20 11:54:26 +0700"
    },
    "done": true
  },
  "pixelmon:recipes/decorative/yellow_cushion_chair": {
    "criteria": {
      "has_wool": "2024-01-20 11:51:05 +0700"
    },
    "done": true
  },
  "minecraft:recipes/transportation/birch_boat": {
    "criteria": {
      "entered_water": "2024-01-18 22:51:09 +0700"
    },
    "done": true
  },
  "pixelmon:recipes/decorative/gray_umbrella": {
    "criteria": {
      "has_wool": "2024-01-20 11:51:05 +0700"
    },
    "done": true
  },
  "minecraft:recipes/food/golden_apple": {
    "criteria": {
      "has_gold_ingot": "2024-01-20 11:54:20 +0700"
    },
    "done": true
  },
  "minecraft:recipes/building_blocks/oak_stairs": {
    "criteria": {
      "has_planks": "2024-01-20 09:13:31 +0700"
    },
    "done": true
  },
  "minecraft:recipes/building_blocks/quartz_stairs": {
    "criteria": {
      "has_quartz_block": "2024-01-20 10:15:39 +0700"
    },
    "done": true
  },
  "minecraft:recipes/building_blocks/green_concrete_powder": {
    "criteria": {
      "has_sand": "2024-01-19 22:10:29 +0700"
    },
    "done": true
  },
  "minecraft:recipes/decorations/red_carpet": {
    "criteria": {
      "has_red_wool": "2024-01-20 11:51:05 +0700"
    },
    "done": true
  },
  "minecraft:recipes/decorations/enchanting_table": {
    "criteria": {
      "has_obsidian": "2024-01-21 13:24:27 +0700"
    },
    "done": true
  },
  "minecraft:recipes/misc/light_gray_dye_from_ink_bonemeal": {
    "criteria": {
      "has_bonemeal": "2024-01-19 21:52:23 +0700"
    },
    "done": true
  },
  "minecraft:recipes/transportation/acacia_boat": {
    "criteria": {
      "entered_water": "2024-01-18 22:51:09 +0700"
    },
    "done": true
  },
  "minecraft:recipes/tools/iron_shovel": {
    "criteria": {
      "has_iron_ingot": "2024-01-20 11:54:19 +0700"
    },
    "done": true
  },
  "minecraft:recipes/redstone/iron_trapdoor": {
    "criteria": {
      "has_iron_ingot": "2024-01-20 11:54:19 +0700"
    },
    "done": true
  },
  "biomesoplenty:recipes/transportation/boat_redwood": {
    "criteria": {
      "entered_water": "2024-01-18 22:51:09 +0700"
    },
    "done": true
  },
  "minecraft:recipes/building_blocks/orange_stained_glass": {
    "criteria": {
      "has_glass": "2024-01-20 09:13:48 +0700"
    },
    "done": true
  },
  "pixelmon:recipes/lures/lure_casing_strong": {
    "criteria": {
      "has_gold_ingot": "2024-01-20 11:54:20 +0700"
    },
    "done": false
  },
  "pixelmon:recipes/decorative/black_water_float": {
    "criteria": {
      "has_slime": "2024-01-18 22:51:53 +0700"
    },
    "done": true
  },
  "pixelmon:recipes/decorative/red_rug": {
    "criteria": {
      "has_wool": "2024-01-20 11:51:05 +0700"
    },
    "done": true
  },
  "minecraft:recipes/building_blocks/white_concrete_powder": {
    "criteria": {
      "has_sand": "2024-01-19 22:10:29 +0700"
    },
    "done": true
  },
  "pixelmon:recipes/decorative/pink_water_float": {
    "criteria": {
      "has_slime": "2024-01-18 22:51:53 +0700"
    },
    "done": true
  },
  "minecraft:recipes/tools/clock": {
    "criteria": {
      "has_redstone": "2024-01-20 11:54:26 +0700"
    },
    "done": true
  },
  "minecraft:recipes/tools/stone_hoe": {
    "criteria": {
      "has_cobblestone": "2024-01-21 18:33:17 +0700"
    },
    "done": true
  },
  "minecraft:recipes/decorations/spruce_fence": {
    "criteria": {
      "has_planks": "2024-01-21 12:50:34 +0700"
    },
    "done": true
  },
  "minecraft:recipes/tools/diamond_pickaxe": {
    "criteria": {
      "has_diamond": "2024-01-20 11:54:59 +0700"
    },
    "done": true
  },
  "minecraft:recipes/tools/diamond_hoe": {
    "criteria": {
      "has_diamond": "2024-01-20 11:54:59 +0700"
    },
    "done": true
  },
  "biomesoplenty:recipes/transportation/boat_umbran": {
    "criteria": {
      "entered_water": "2024-01-18 22:51:09 +0700"
    },
    "done": true
  },
  "minecraft:recipes/decorations/white_stained_glass_pane": {
    "criteria": {
      "has_glass": "2024-01-20 09:13:48 +0700"
    },
    "done": true
  },
  "minecraft:recipes/tools/diamond_shovel": {
    "criteria": {
      "has_diamond": "2024-01-20 11:54:59 +0700"
    },
    "done": true
  },
  "pixelmon:recipes/decorative/cyan_cushion_chair": {
    "criteria": {
      "has_wool": "2024-01-20 11:51:05 +0700"
    },
    "done": true
  },
  "pixelmon:recipes/machines/mechanical_anvil": {
    "criteria": {
      "has_bars": "2024-01-20 10:36:36 +0700"
    },
    "done": true
  },
  "minecraft:recipes/building_blocks/lime_stained_glass": {
    "criteria": {
      "has_glass": "2024-01-20 09:13:48 +0700"
    },
    "done": true
  },
  "biomesoplenty:recipes/redstone/wooden_button_from_bop_wood": {
    "criteria": {
      "has_the_recipe": "2024-01-19 22:16:35 +0700"
    },
    "done": true
  },
  "minecraft:recipes/decorations/pink_stained_glass_pane": {
    "criteria": {
      "has_glass": "2024-01-20 09:13:48 +0700"
    },
    "done": true
  },
  "minecraft:recipes/misc/light_gray_dye_from_azure_bluet": {
    "criteria": {
      "has_red_flower": "2024-01-19 22:14:32 +0700"
    },
    "done": true
  },
  "minecraft:recipes/building_blocks/spruce_stairs": {
    "criteria": {
      "has_planks": "2024-01-21 12:50:34 +0700"
    },
    "done": true
  },
  "pixelmon:recipes/decorative/gray_rug": {
    "criteria": {
      "has_wool": "2024-01-20 11:51:05 +0700"
    },
    "done": true
  },
  "minecraft:recipes/redstone/birch_door": {
    "criteria": {
      "has_planks": "2024-01-19 22:16:35 +0700"
    },
    "done": true
  },
  "minecraft:recipes/decorations/glass_pane": {
    "criteria": {
      "has_glass": "2024-01-20 09:13:48 +0700"
    },
    "done": true
  },
  "biomesoplenty:recipes/transportation/boat_magic": {
    "criteria": {
      "entered_water": "2024-01-18 22:51:09 +0700"
    },
    "done": true
  },
  "minecraft:recipes/building_blocks/magenta_stained_glass": {
    "criteria": {
      "has_glass": "2024-01-20 09:13:48 +0700"
    },
    "done": true
  },
  "minecraft:story/mine_diamond": {
    "criteria": {
      "diamond": "2024-01-20 11:54:59 +0700"
    },
    "done": true
  },
  "minecraft:recipes/combat/diamond_helmet": {
    "criteria": {
      "has_diamond": "2024-01-20 11:54:59 +0700"
    },
    "done": true
  },
  "biomesoplenty:recipes/transportation/boat_palm": {
    "criteria": {
      "entered_water": "2024-01-18 22:51:09 +0700"
    },
    "done": true
  },
  "minecraft:recipes/decorations/anvil": {
    "criteria": {
      "has_iron_block": "2024-01-19 22:20:02 +0700"
    },
    "done": true
  },
  "minecraft:recipes/decorations/birch_fence": {
    "criteria": {
      "has_planks": "2024-01-19 22:16:35 +0700"
    },
    "done": true
  },
  "minecraft:recipes/building_blocks/light_blue_stained_glass": {
    "criteria": {
      "has_glass": "2024-01-20 09:13:48 +0700"
    },
    "done": true
  },
  "minecraft:recipes/building_blocks/orange_concrete_powder": {
    "criteria": {
      "has_sand": "2024-01-19 22:10:29 +0700"
    },
    "done": true
  },
  "minecraft:recipes/misc/gold_ingot_from_block": {
    "criteria": {
      "has_gold_block": "2024-01-18 23:14:14 +0700"
    },
    "done": true
  },
  "minecraft:recipes/building_blocks/cyan_concrete_powder": {
    "criteria": {
      "has_sand": "2024-01-19 22:10:29 +0700"
    },
    "done": true
  },
  "minecraft:recipes/decorations/blue_stained_glass_pane": {
    "criteria": {
      "has_glass": "2024-01-20 09:13:48 +0700"
    },
    "done": true
  },
  "minecraft:recipes/building_blocks/stone_brick_stairs": {
    "criteria": {
      "has_stonebrick": "2024-01-20 10:53:10 +0700"
    },
    "done": true
  },
  "minecraft:recipes/combat/golden_boots": {
    "criteria": {
      "has_gold_ingot": "2024-01-20 11:54:20 +0700"
    },
    "done": true
  },
  "treasure2:recipes/crystal_skull_chest": {
    "criteria": {
      "has_skull": "2024-01-20 21:58:46 +0700"
    },
    "done": true
  },
  "treasure2:recipes/skull_chest": {
    "criteria": {
      "has_skull": "2024-01-20 21:58:46 +0700"
    },
    "done": true
  },
  "minecraft:recipes/brewing/blaze_powder": {
    "criteria": {
      "has_blaze_rod": "2024-01-21 18:34:23 +0700"
    },
    "done": true
  },
  "minecraft:recipes/misc/magenta_dye_from_lapis_ink_bonemeal": {
    "criteria": {
      "has_bonemeal": "2024-01-19 21:52:23 +0700"
    },
    "done": true
  },
  "pixelmon:recipes/decorative/pink_umbrella": {
    "criteria": {
      "has_wool": "2024-01-20 11:51:05 +0700"
    },
    "done": true
  },
  "minecraft:recipes/combat/golden_chestplate": {
    "criteria": {
      "has_gold_ingot": "2024-01-20 11:54:20 +0700"
    },
    "done": true
  },
  "minecraft:recipes/building_blocks/chiseled_sandstone": {
    "criteria": {
      "has_stone_slab": "2024-01-21 13:43:17 +0700"
    },
    "done": true
  },
  "minecraft:recipes/misc/light_blue_dye_from_lapis_bonemeal": {
    "criteria": {
      "has_bonemeal": "2024-01-19 21:52:23 +0700"
    },
    "done": true
  },
  "treasure2:recipes/pilferers_lock_pick": {
    "criteria": {
      "has_iron_ingot": "2024-01-20 11:54:19 +0700"
    },
    "done": true
  },
  "minecraft:recipes/tools/diamond_axe": {
    "criteria": {
      "has_diamond": "2024-01-20 11:54:59 +0700"
    },
    "done": true
  },
  "minecraft:recipes/brewing/glass_bottle": {
    "criteria": {
      "has_glass": "2024-01-20 09:13:48 +0700"
    },
    "done": true
  },
  "treasure2:recipes/thiefs_lock_pick": {
    "criteria": {
      "has_iron_ingot": "2024-01-20 11:54:19 +0700"
    },
    "done": true
  },
  "biomesoplenty:recipes/transportation/boat_fir": {
    "criteria": {
      "entered_water": "2024-01-18 22:51:09 +0700"
    },
    "done": true
  },
  "minecraft:recipes/decorations/light_blue_stained_glass_pane": {
    "criteria": {
      "has_glass": "2024-01-20 09:13:48 +0700"
    },
    "done": true
  },
  "minecraft:recipes/misc/light_gray_dye_from_gray_bonemeal": {
    "criteria": {
      "has_bonemeal": "2024-01-19 21:52:23 +0700"
    },
    "done": true
  },
  "pixelmon:recipes/decorative/gray_cushion_chair": {
    "criteria": {
      "has_wool": "2024-01-20 11:51:05 +0700"
    },
    "done": true
  },
  "treasure2:recipes/gold_skull_chest": {
    "criteria": {
      "has_skull": "2024-01-20 21:58:46 +0700"
    },
    "done": true
  },
  "treasure2:recipes/key_ring": {
    "criteria": {
      "has_iron_ingot": "2024-01-20 11:54:19 +0700"
    },
    "done": true
  },
  "pixelmon:recipes/decorative/blue_rug": {
    "criteria": {
      "has_wool": "2024-01-20 11:51:05 +0700"
    },
    "done": true
  },
  "pixelmon:recipes/decorative/green_water_float": {
    "criteria": {
      "has_slime": "2024-01-18 22:51:53 +0700"
    },
    "done": true
  },
  "minecraft:recipes/building_blocks/quartz_slab": {
    "criteria": {
      "has_quartz_block": "2024-01-20 10:15:39 +0700"
    },
    "done": true
  },
  "minecraft:recipes/decorations/painting": {
    "criteria": {
      "has_wool": "2024-01-20 11:51:05 +0700"
    },
    "done": true
  },
  "minecraft:recipes/building_blocks/white_stained_glass": {
    "criteria": {
      "has_glass": "2024-01-20 09:13:48 +0700"
    },
    "done": true
  },
  "biomesoplenty:recipes/transportation/boat_sacred_oak": {
    "criteria": {
      "entered_water": "2024-01-18 22:51:09 +0700"
    },
    "done": true
  },
  "minecraft:recipes/misc/red_dye_from_poppy": {
    "criteria": {
      "has_red_flower": "2024-01-19 22:15:42 +0700"
    },
    "done": true
  },
  "biomesoplenty:recipes/transportation/boat_pine": {
    "criteria": {
      "entered_water": "2024-01-18 22:51:09 +0700"
    },
    "done": true
  },
  "minecraft:recipes/redstone/wooden_pressure_plate": {
    "criteria": {
      "has_planks": "2024-01-19 22:16:35 +0700"
    },
    "done": true
  },
  "treasure2:recipes/treasure_tool": {
    "criteria": {
      "has_iron_ingot": "2024-01-20 11:54:19 +0700"
    },
    "done": true
  },
  "biomesoplenty:biomesoplenty/terrestrial_artifact": {
    "criteria": {
      "emerald": "2024-01-20 11:55:06 +0700"
    },
    "done": false
  },
  "minecraft:recipes/misc/yellow_dye_from_dandelion": {
    "criteria": {
      "has_yellow_flower": "2024-01-19 22:14:32 +0700"
    },
    "done": true
  },
  "minecraft:recipes/building_blocks/green_stained_glass": {
    "criteria": {
      "has_glass": "2024-01-20 09:13:48 +0700"
    },
    "done": true
  },
  "minecraft:recipes/redstone/light_weighted_pressure_plate": {
    "criteria": {
      "has_gold_ingot": "2024-01-20 11:54:20 +0700"
    },
    "done": true
  },
  "biomesoplenty:recipes/redstone/wooden_pressure_plate_from_bop_wood": {
    "criteria": {
      "has_the_recipe": "2024-01-19 22:16:35 +0700"
    },
    "done": true
  },
  "minecraft:recipes/redstone/wooden_button": {
    "criteria": {
      "has_planks": "2024-01-19 22:16:35 +0700"
    },
    "done": true
  },
  "minecraft:recipes/tools/stone_shovel": {
    "criteria": {
      "has_cobblestone": "2024-01-21 18:33:17 +0700"
    },
    "done": true
  },
  "minecraft:recipes/decorations/yellow_stained_glass_pane": {
    "criteria": {
      "has_glass": "2024-01-20 09:13:48 +0700"
    },
    "done": true
  },
  "minecraft:recipes/building_blocks/oak_planks": {
    "criteria": {
      "has_log": "2024-01-18 22:44:09 +0700"
    },
    "done": true
  },
  "minecraft:recipes/building_blocks/blue_concrete_powder": {
    "criteria": {
      "has_sand": "2024-01-19 22:10:29 +0700"
    },
    "done": true
  },
  "biomesoplenty:recipes/transportation/boat_cherry": {
    "criteria": {
      "entered_water": "2024-01-18 22:51:09 +0700"
    },
    "done": true
  },
  "minecraft:recipes/building_blocks/gray_concrete_powder": {
    "criteria": {
      "has_sand": "2024-01-19 22:10:29 +0700"
    },
    "done": true
  },
  "pixelmon:recipes/decorative/purple_rug": {
    "criteria": {
      "has_wool": "2024-01-20 11:51:05 +0700"
    },
    "done": true
  },
  "minecraft:recipes/building_blocks/cyan_stained_glass": {
    "criteria": {
      "has_glass": "2024-01-20 09:13:48 +0700"
    },
    "done": true
  },
  "pixelmon:recipes/decorative/white_cushion_chair": {
    "criteria": {
      "has_wool": "2024-01-20 11:51:05 +0700"
    },
    "done": true
  },
  "pixelmon:recipes/decorative/black_umbrella": {
    "criteria": {
      "has_wool": "2024-01-20 11:51:05 +0700"
    },
    "done": true
  },
  "pixelmon:recipes/decorative/white_water_float": {
    "criteria": {
      "has_slime": "2024-01-18 22:51:53 +0700"
    },
    "done": true
  },
  "minecraft:recipes/decorations/fence": {
    "criteria": {
      "has_planks": "2024-01-20 09:13:31 +0700"
    },
    "done": true
  },
  "minecraft:recipes/tools/golden_axe": {
    "criteria": {
      "has_gold_ingot": "2024-01-20 11:54:20 +0700"
    },
    "done": true
  },
  "minecraft:recipes/tools/iron_axe": {
    "criteria": {
      "has_iron_ingot": "2024-01-20 11:54:19 +0700"
    },
    "done": true
  },
  "pixelmon:recipes/decorative/yellow_water_float": {
    "criteria": {
      "has_slime": "2024-01-18 22:51:53 +0700"
    },
    "done": true
  },
  "pixelmon:recipes/decorative/orange_water_float": {
    "criteria": {
      "has_slime": "2024-01-18 22:51:53 +0700"
    },
    "done": true
  },
  "minecraft:recipes/combat/golden_helmet": {
    "criteria": {
      "has_gold_ingot": "2024-01-20 11:54:20 +0700"
    },
    "done": true
  },
  "minecraft:recipes/decorations/red_banner": {
    "criteria": {
      "has_red_wool": "2024-01-20 11:51:05 +0700"
    },
    "done": true
  },
  "pixelmon:recipes/decorative/blue_cushion_chair": {
    "criteria": {
      "has_wool": "2024-01-20 11:51:05 +0700"
    },
    "done": true
  },
  "minecraft:recipes/combat/iron_boots": {
    "criteria": {
      "has_iron_ingot": "2024-01-20 11:54:19 +0700"
    },
    "done": true
  },
  "minecraft:recipes/building_blocks/chiseled_quartz_block": {
    "criteria": {
      "has_quartz_block": "2024-01-20 10:15:39 +0700"
    },
    "done": true
  },
  "pixelmon:recipes/decorative/red_folding_chair": {
    "criteria": {
      "has_wool": "2024-01-20 11:51:05 +0700"
    },
    "done": true
  },
  "biomesoplenty:biomesoplenty/root": {
    "criteria": {
      "yellow_flower": "2024-01-19 22:14:32 +0700",
      "red_flower": "2024-01-19 22:14:32 +0700"
    },
    "done": true
  },
  "minecraft:recipes/misc/bone_meal_from_bone": {
    "criteria": {
      "has_bone": "2024-01-19 21:56:27 +0700"
    },
    "done": true
  },
  "minecraft:recipes/building_blocks/black_concrete_powder": {
    "criteria": {
      "has_sand": "2024-01-19 22:10:29 +0700"
    },
    "done": true
  },
  "pixelmon:recipes/decorative/pink_cushion_chair": {
    "criteria": {
      "has_wool": "2024-01-20 11:51:05 +0700"
    },
    "done": true
  },
  "biomesoplenty:recipes/transportation/boat_ebony": {
    "criteria": {
      "entered_water": "2024-01-18 22:51:09 +0700"
    },
    "done": true
  },
  "biomesoplenty:recipes/transportation/boat_hellbark": {
    "criteria": {
      "entered_water": "2024-01-18 22:51:09 +0700"
    },
    "done": true
  },
  "minecraft:recipes/building_blocks/spruce_wooden_slab": {
    "criteria": {
      "has_planks": "2024-01-21 12:50:34 +0700"
    },
    "done": true
  },
  "minecraft:recipes/redstone/birch_fence_gate": {
    "criteria": {
      "has_planks": "2024-01-19 22:16:35 +0700"
    },
    "done": true
  },
  "minecraft:recipes/misc/slime_ball": {
    "criteria": {
      "has_slime": "2024-01-18 22:51:53 +0700"
    },
    "done": true
  },
  "minecraft:recipes/combat/iron_chestplate": {
    "criteria": {
      "has_iron_ingot": "2024-01-20 11:54:19 +0700"
    },
    "done": true
  },
  "minecraft:recipes/redstone/dropper": {
    "criteria": {
      "has_redstone": "2024-01-20 11:54:26 +0700"
    },
    "done": true
  },
  "pixelmon:recipes/decorative/purple_water_float": {
    "criteria": {
      "has_slime": "2024-01-18 22:51:53 +0700"
    },
    "done": true
  },
  "pixelmon:recipes/machines/ranch": {
    "criteria": {
      "has_pc": "2024-01-20 10:35:51 +0700"
    },
    "done": true
  },
  "minecraft:story/form_obsidian": {
    "criteria": {
      "obsidian": "2024-01-21 13:24:27 +0700"
    },
    "done": true
  },
  "minecraft:recipes/brewing/brewing_stand": {
    "criteria": {
      "has_blaze_rod": "2024-01-21 18:34:23 +0700"
    },
    "done": true
  },
  "pixelmon:recipes/decorative/black_rug": {
    "criteria": {
      "has_wool": "2024-01-20 11:51:05 +0700"
    },
    "done": true
  },
  "pixelmon:recipes/decorative/green_cushion_chair": {
    "criteria": {
      "has_wool": "2024-01-20 11:51:05 +0700"
    },
    "done": true
  },
  "minecraft:recipes/redstone/noteblock": {
    "criteria": {
      "has_redstone": "2024-01-20 11:54:26 +0700"
    },
    "done": true
  },
  "minecraft:recipes/building_blocks/red_concrete_powder": {
    "criteria": {
      "has_sand": "2024-01-19 22:10:29 +0700"
    },
    "done": true
  },
  "biomesoplenty:recipes/transportation/boat_mahogany": {
    "criteria": {
      "entered_water": "2024-01-18 22:51:09 +0700"
    },
    "done": true
  },
  "minecraft:recipes/tools/compass": {
    "criteria": {
      "has_redstone": "2024-01-20 11:54:26 +0700"
    },
    "done": true
  },
  "pixelmon:recipes/decorative/blue_water_float": {
    "criteria": {
      "has_slime": "2024-01-18 22:51:53 +0700"
    },
    "done": true
  },
  "minecraft:recipes/tools/golden_pickaxe": {
    "criteria": {
      "has_gold_ingot": "2024-01-20 11:54:20 +0700"
    },
    "done": true
  },
  "pixelmon:recipes/decorative/orange_rug": {
    "criteria": {
      "has_wool": "2024-01-20 11:51:05 +0700"
    },
    "done": true
  },
  "minecraft:nether/obtain_blaze_rod": {
    "criteria": {
      "blaze_rod": "2024-01-21 18:34:23 +0700"
    },
    "done": true
  },
  "minecraft:recipes/misc/gray_dye": {
    "criteria": {
      "has_bonemeal": "2024-01-19 21:52:23 +0700"
    },
    "done": true
  },
  "minecraft:adventure/adventuring_time": {
    "criteria": {
      "deep_ocean": "2024-01-20 22:00:26 +0700",
      "beaches": "2024-01-20 22:01:46 +0700",
      "forest_hills": "2024-01-20 22:00:59 +0700",
      "plains": "2024-01-18 22:39:54 +0700",
      "taiga": "2024-01-18 22:43:05 +0700",
      "extreme_hills": "2024-01-20 21:50:42 +0700"
    },
    "done": false
  },
  "minecraft:recipes/redstone/iron_door": {
    "criteria": {
      "has_iron_ingot": "2024-01-20 11:54:19 +0700"
    },
    "done": true
  },
  "minecraft:recipes/building_blocks/birch_wooden_slab": {
    "criteria": {
      "has_planks": "2024-01-19 22:16:35 +0700"
    },
    "done": true
  },
  "minecraft:recipes/combat/stone_sword": {
    "criteria": {
      "has_cobblestone": "2024-01-21 18:33:17 +0700"
    },
    "done": true
  },
  "biomesoplenty:recipes/transportation/boat_willow": {
    "criteria": {
      "entered_water": "2024-01-18 22:51:09 +0700"
    },
    "done": true
  },
  "minecraft:recipes/decorations/cobblestone_wall": {
    "criteria": {
      "has_cobblestone": "2024-01-21 18:33:17 +0700"
    },
    "done": true
  },
  "minecraft:recipes/decorations/red_bed": {
    "criteria": {
      "has_red_wool": "2024-01-20 11:51:05 +0700"
    },
    "done": true
  },
  "minecraft:recipes/tools/stone_pickaxe": {
    "criteria": {
      "has_cobblestone": "2024-01-21 18:33:17 +0700"
    },
    "done": true
  },
  "pixelmon:recipes/lures/lure_casing_weak": {
    "criteria": {
      "has_iron_ingot": "2024-01-20 11:54:19 +0700"
    },
    "done": false
  },
  "minecraft:recipes/building_blocks/brown_stained_glass": {
    "criteria": {
      "has_glass": "2024-01-20 09:13:48 +0700"
    },
    "done": true
  },
  "minecraft:recipes/transportation/boat": {
    "criteria": {
      "entered_water": "2024-01-18 22:51:09 +0700"
    },
    "done": true
  },
  "minecraft:recipes/transportation/jungle_boat": {
    "criteria": {
      "entered_water": "2024-01-18 22:51:09 +0700"
    },
    "done": true
  },
  "minecraft:recipes/misc/red_dye_from_tulip": {
    "criteria": {
      "has_red_flower": "2024-01-20 10:51:22 +0700"
    },
    "done": true
  },
  "minecraft:recipes/building_blocks/birch_stairs": {
    "criteria": {
      "has_planks": "2024-01-19 22:16:35 +0700"
    },
    "done": true
  },
  "minecraft:recipes/building_blocks/light_gray_stained_glass": {
    "criteria": {
      "has_glass": "2024-01-20 09:13:48 +0700"
    },
    "done": true
  },
  "pixelmon:recipes/decorative/purple_cushion_chair": {
    "criteria": {
      "has_wool": "2024-01-20 11:51:05 +0700"
    },
    "done": true
  },
  "pixelmon:recipes/decorative/cyan_rug": {
    "criteria": {
      "has_wool": "2024-01-20 11:51:05 +0700"
    },
    "done": true
  },
  "minecraft:recipes/redstone/heavy_weighted_pressure_plate": {
    "criteria": {
      "has_iron_ingot": "2024-01-20 11:54:19 +0700"
    },
    "done": true
  },
  "minecraft:recipes/transportation/dark_oak_boat": {
    "criteria": {
      "entered_water": "2024-01-18 22:51:09 +0700"
    },
    "done": true
  },
  "biomesoplenty:recipes/transportation/boat_jacaranda": {
    "criteria": {
      "entered_water": "2024-01-18 22:51:09 +0700"
    },
    "done": true
  },
  "minecraft:recipes/decorations/red_stained_glass_pane": {
    "criteria": {
      "has_glass": "2024-01-20 09:13:48 +0700"
    },
    "done": true
  },
  "biomesoplenty:recipes/misc/sand_from_dried_sand": {
    "criteria": {
      "has_gem_block": "2024-01-18 22:49:32 +0700"
    },
    "done": true
  },
  "minecraft:recipes/building_blocks/brick_slab": {
    "criteria": {
      "has_brick_block": "2024-01-20 11:52:19 +0700"
    },
    "done": true
  },
  "pixelmon:recipes/decorative/purple_umbrella": {
    "criteria": {
      "has_wool": "2024-01-20 11:51:05 +0700"
    },
    "done": true
  },
  "pixelmon:recipes/decorative/cyan_water_float": {
    "criteria": {
      "has_slime": "2024-01-18 22:51:53 +0700"
    },
    "done": true
  },
  "biomesoplenty:recipes/tools/empty_jar": {
    "criteria": {
      "has_glass": "2024-01-20 09:13:48 +0700"
    },
    "done": true
  },
  "minecraft:recipes/combat/golden_leggings": {
    "criteria": {
      "has_gold_ingot": "2024-01-20 11:54:20 +0700"
    },
    "done": true
  },
  "minecraft:recipes/redstone/piston": {
    "criteria": {
      "has_redstone": "2024-01-20 11:54:26 +0700"
    },
    "done": true
  },
  "minecraft:recipes/building_blocks/stone_stairs": {
    "criteria": {
      "has_cobblestone": "2024-01-21 18:33:17 +0700"
    },
    "done": true
  },
  "biomesoplenty:recipes/misc/mud_from_dirt": {
    "criteria": {
      "has_gem_block": "2024-01-18 22:49:32 +0700"
    },
    "done": true
  },
  "minecraft:recipes/decorations/brown_stained_glass_pane": {
    "criteria": {
      "has_glass": "2024-01-20 09:13:48 +0700"
    },
    "done": true
  },
  "pixelmon:recipes/decorative/orange_umbrella": {
    "criteria": {
      "has_wool": "2024-01-20 11:51:05 +0700"
    },
    "done": true
  },
  "minecraft:recipes/misc/diamond": {
    "criteria": {
      "has_diamond_block": "2024-01-19 22:16:19 +0700"
    },
    "done": true
  },
  "pixelmon:recipes/decorative/red_cushion_chair": {
    "criteria": {
      "has_wool": "2024-01-20 11:51:05 +0700"
    },
    "done": true
  },
  "minecraft:recipes/combat/diamond_boots": {
    "criteria": {
      "has_diamond": "2024-01-20 11:54:59 +0700"
    },
    "done": true
  },
  "minecraft:recipes/misc/light_gray_dye_from_oxeye_daisy": {
    "criteria": {
      "has_red_flower": "2024-01-19 22:16:10 +0700"
    },
    "done": true
  },
  "minecraft:story/smelt_iron": {
    "criteria": {
      "iron": "2024-01-20 11:54:19 +0700"
    },
    "done": true
  },
  "minecraft:recipes/tools/stone_axe": {
    "criteria": {
      "has_cobblestone": "2024-01-21 18:33:17 +0700"
    },
    "done": true
  },
  "minecraft:recipes/redstone/wooden_door": {
    "criteria": {
      "has_planks": "2024-01-20 09:13:31 +0700"
    },
    "done": true
  },
  "minecraft:recipes/building_blocks/chiseled_stonebrick": {
    "criteria": {
      "has_stonebrick": "2024-01-20 10:53:10 +0700"
    },
    "done": true
  },
  "minecraft:recipes/building_blocks/pink_stained_glass": {
    "criteria": {
      "has_glass": "2024-01-20 09:13:48 +0700"
    },
    "done": true
  },
  "pixelmon:recipes/decorative/gray_water_float": {
    "criteria": {
      "has_slime": "2024-01-18 22:51:53 +0700"
    },
    "done": true
  },
  "minecraft:recipes/decorations/light_gray_stained_glass_pane": {
    "criteria": {
      "has_glass": "2024-01-20 09:13:48 +0700"
    },
    "done": true
  },
  "pixelmon:recipes/decorative/brown_cushion_chair": {
    "criteria": {
      "has_wool": "2024-01-20 11:51:05 +0700"
    },
    "done": true
  }
}