{
    "DialogShowWheel": 0b,
    "AvailabilityQuestId": -1,
    "Options": [
    ],
    "AvailabilityScoreboardType": 1,
    "DialogHideNPC": 0b,
    "AvailabilityFactionStance": 0,
    "AvailabilityScoreboard2Value": 1,
    "DialogId": 4,
    "AvailabilityQuest": 0,
    "AvailabilityDialog4": 0,
    "AvailabilityScoreboardObjective": "",
    "AvailabilityDialog3": 0,
    "AvailabilityQuest2": 0,
    "AvailabilityQuest3": 0,
    "AvailabilityScoreboard2Objective": "",
    "AvailabilityQuest4": 0,
    "ModRev": 18,
    "DecreaseFaction1Points": 0b,
    "DialogQuest": -1,
    "AvailabilityDialog2": 0,
    "OptionFactions1": -1,
    "AvailabilityDayTime": 0,
    "OptionFactions2": -1,
    "AvailabilityFaction2Id": -1,
    "OptionFaction1Points": 100,
    "AvailabilityScoreboardValue": 1,
    "DialogDisableEsc": 0b,
    "AvailabilityFaction": 0,
    "DialogTitle": "Columbus",
    "AvailabilityDialog": 0,
    "AvailabilityScoreboard2Type": 1,
    "AvailabilityFaction2": 0,
    "DialogSound": "minecraft:block.dispenser.dispense",
    "AvailabilityFactionId": -1,
    "AvailabilityFaction2Stance": 0,
    "DialogCommand": "",
    "AvailabilityDialogId": -1,
    "OptionFaction2Points": 100,
    "DialogText": "Chào mừng đến với Pixelmon World Adventure!. Bây giờ bạn đang là một mạo hiểm giả lv0 có một chú pokemon yếu duối. Hãy tiến hành phiêu lưu và khám phá thế giới, thu phục những pokemon huyền thoại và nâng cấp chúng để tham gia những trận chiến so tài pokemon với các champion khác dành chức vô địch nhà huấn luyện đại tài thế giới.

CHƯƠNG 1 - VẠN SỰ KHỞI ĐẦU NAN
* Bạn đã có pokemon đầu tiên (Xem thanh bên trái màn hình). Nhảy xuống dưới và phiêu lưu ngay đi.

PHỤ LỤC:
* Bạn có thể dùng các lệnh sau:
    - /warp plot: dịch chuyển đến các khu
    - /warp adventure: quay lại đây
    - /rtp: dịch chuyển ngẫu nhiên
    - /spawn: quay lại điểm spawn world
    - /sethome: đặt điểm sao lưu home
    - /home: quay lại điểm home
    - /back: quay lại điểm chết",
    "AvailabilityQuest4Id": -1,
    "AvailabilityQuest3Id": -1,
    "AvailabilityQuest2Id": -1,
    "AvailabilityDialog2Id": -1,
    "AvailabilityDialog3Id": -1,
    "AvailabilityDialog4Id": -1,
    "AvailabilityMinPlayerLevel": 0,
    "DecreaseFaction2Points": 0b,
    "DialogMail": {
        "Sender": "",
        "BeenRead": 0b,
        "Message": {
        },
        "MailItems": [
        ],
        "MailQuest": -1,
        "TimePast": 1705648290942L,
        "Time": 0L,
        "Subject": ""
    }
}
