{
    "DialogShowWheel": 0b,
    "AvailabilityQuestId": -1,
    "Options": [
    ],
    "AvailabilityScoreboardType": 1,
    "DialogHideNPC": 0b,
    "AvailabilityFactionStance": 0,
    "AvailabilityScoreboard2Value": 1,
    "DialogId": 6,
    "AvailabilityQuest": 0,
    "AvailabilityDialog4": 0,
    "AvailabilityScoreboardObjective": "",
    "AvailabilityDialog3": 0,
    "AvailabilityQuest2": 0,
    "AvailabilityQuest3": 0,
    "AvailabilityScoreboard2Objective": "",
    "AvailabilityQuest4": 0,
    "ModRev": 18,
    "DecreaseFaction1Points": 0b,
    "DialogQuest": -1,
    "AvailabilityDialog2": 0,
    "OptionFactions1": -1,
    "AvailabilityDayTime": 0,
    "OptionFactions2": -1,
    "AvailabilityFaction2Id": -1,
    "OptionFaction1Points": 100,
    "AvailabilityScoreboardValue": 1,
    "DialogDisableEsc": 0b,
    "AvailabilityFaction": 0,
    "DialogTitle": "help",
    "AvailabilityDialog": 0,
    "AvailabilityScoreboard2Type": 1,
    "AvailabilityFaction2": 0,
    "AvailabilityFactionId": -1,
    "AvailabilityFaction2Stance": 0,
    "DialogCommand": "",
    "AvailabilityDialogId": -1,
    "OptionFaction2Points": 100,
    "DialogText": "- CÁCH XÂY DỰNG THẾ GIỚI RIÊNG CHO BẠN

* Đây là Plot World
* Hãy đi thật xa khỏi phạm vi khu vực spawn này và tiến hành xây dựng plot riêng cho bạn
* Spawn của plot world sẽ chứa các NPC và dân làng trao đổi để bạn nâng cấp bản thân
* Ra khỏi spawn của plot world sẽ có thể claim đất, pvp,... (có thể dùng lệnh /warp build)
* Sử dung chiếc [xẻng vàng] (golden_shovel) để claim đất và xây nhà.

* Lệnh claim đất hoang:
/claimbuy: mua khu đất
/trust [tên]: cho phép tin tưởng bạn bè dùng chung khu claims (có thể build)
/trustall: tin tưởng tất cả người chơi trong server
/untrust [tên]: hủy hợp tác
/claiminfo: xem thông tin khu claim
/claimsell: bán vương quốc khu đất đang đứng
/claimsetspawn: đặt điểm spawn cho khu đất
/claimspawn: dịch chuyển đến điểm spawn khu đất
/cf: cài đặt settings khu đất
...
Chi tiết thêm nhiều lệnh khác tham khảo:
https://ore.spongepowered.org/blood/GriefPrevention/pages/Commands

* Best Practices:
* Bấm phím `c` để zoom map
* Cài đặt forge optifine 1.12.2 để chơi game mượt hơn.",
    "AvailabilityQuest4Id": -1,
    "AvailabilityQuest3Id": -1,
    "AvailabilityQuest2Id": -1,
    "AvailabilityDialog2Id": -1,
    "AvailabilityDialog3Id": -1,
    "AvailabilityDialog4Id": -1,
    "AvailabilityMinPlayerLevel": 0,
    "DecreaseFaction2Points": 0b,
    "DialogMail": {
        "Sender": "",
        "BeenRead": 0b,
        "Message": {
        },
        "MailItems": [
        ],
        "MailQuest": -1,
        "TimePast": 1705849518820L,
        "Time": 0L,
        "Subject": ""
    }
}
